Thioclava_annotated_DMKJLJHC_01244	TARA_PSE_k99_18721860	TARA_PSE_k99_16894631	TARA_PSE_k99_6837003	TARA_PSE_k99_1457646	TARA_PSE_k99_1698685	TARA_PSE_k99_2359739	TARA_PSE_k99_8796651	TARA_PSE_k99_35535	TARA_PSE_k99_21462051	TARA_PSE_k99_26094865	TARA_PSE_k99_5332585	TARA_PSE_k99_6654140	TARA_PSE_k99_15551823	TARA_PSE_k99_17287509	TARA_PSE_k99_1261265	TARA_PSE_k99_8199967	TARA_PSE_k99_25128609	TARA_PSE_k99_10577644	TARA_PSE_k99_26949306	TARA_PSE_k99_18816824	TARA_PSE_k99_8640505	TARA_PSE_k99_686775	TARA_PSE_k99_26500380	TARA_PSE_k99_10471799	TARA_PSE_k99_12042043	TARA_PSE_k99_1881015	TARA_PSE_k99_7232674	TARA_PSE_k99_20385526	TARA_PSE_k99_4266681	TARA_PSE_k99_15743305	TARA_PSE_k99_16800213	TARA_PSE_k99_23363946	TARA_PSE_k99_27050483	TARA_PSE_k99_21017604	TARA_PSE_k99_2937815	TARA_PSE_k99_19590841	TARA_PSE_k99_4091258	TARA_PSE_k99_11293873	TARA_PSE_k99_10272749	TARA_PSE_k99_17738774
Thioclava_annotated_DMKJLJHC_02499	TARA_PSE_k99_5997278	TARA_PSE_k99_12162414	TARA_PSE_k99_18307566	TARA_PSE_k99_3054209	TARA_PSE_k99_9759322	TARA_PSE_k99_6800300	TARA_PSE_k99_81918	TARA_PSE_k99_23294035	TARA_PSE_k99_21956226	TARA_PSE_k99_5979290	TARA_PSE_k99_23483601	TARA_PSE_k99_7372571	TARA_PSE_k99_9499131	TARA_PSE_k99_20821725	TARA_PSE_k99_19355420	TARA_PSE_k99_8345241	TARA_PSE_k99_14887449	TARA_PSE_k99_9522748	TARA_PSE_k99_9279702	TARA_PSE_k99_11009239	TARA_PSE_k99_22637114	TARA_PSE_k99_24055002	TARA_PSE_k99_16571579	TARA_PSE_k99_928180	TARA_PSE_k99_4651040	TARA_PSE_k99_13005147	TARA_PSE_k99_15397111	TARA_PSE_k99_20474701	TARA_PSE_k99_19644301	TARA_PSE_k99_9646917	TARA_PSE_k99_8138116	TARA_PSE_k99_8679494	TARA_PSE_k99_10869442	TARA_PSE_k99_22160329	TARA_PSE_k99_6586721	TARA_PSE_k99_25917308	TARA_PSE_k99_14650183	TARA_PSE_k99_21100461	TARA_PSE_k99_2560828	TARA_PSE_k99_16151374	TARA_PSE_k99_3961247	TARA_PSE_k99_25896543	TARA_PSE_k99_10804286	TARA_PSE_k99_567072	TARA_PSE_k99_15224415	TARA_PSE_k99_13161593	TARA_PSE_k99_6325838	TARA_PSE_k99_19096424	TARA_PSE_k99_20278793	TARA_PSE_k99_27293689	TARA_PSE_k99_4017276	TARA_PSE_k99_20863815	TARA_PSE_k99_20601670	TARA_PSE_k99_22186231	TARA_PSE_k99_9135841	TARA_PSE_k99_24168773	TARA_PSE_k99_26624993	TARA_PSE_k99_5125654	TARA_PSE_k99_6215008	TARA_PSE_k99_19657759	TARA_PSE_k99_18540085	TARA_PSE_k99_9155800	TARA_PSE_k99_9252461	TARA_PSE_k99_9569572	TARA_PSE_k99_19252921	TARA_PSE_k99_23672918	TARA_PSE_k99_888384	TARA_PSE_k99_6572780	TARA_PSE_k99_14465191	TARA_PSE_k99_5990914	TARA_PSE_k99_21779533	TARA_PSE_k99_2915471	TARA_PSE_k99_724449	TARA_PSE_k99_9713938	TARA_PSE_k99_4378408	TARA_PSE_k99_4440280	TARA_PSE_k99_18967635	TARA_PSE_k99_6860373	TARA_PSE_k99_20371876	TARA_PSE_k99_6207785	TARA_PSE_k99_3238028	TARA_PSE_k99_23271104	TARA_PSE_k99_10710015	TARA_PSE_k99_8397144	TARA_PSE_k99_27171455	TARA_PSE_k99_12142767	TARA_PSE_k99_12300097	TARA_PSE_k99_1193057	TARA_PSE_k99_7440630	TARA_PSE_k99_9939628	TARA_PSE_k99_10526592	TARA_PSE_k99_7370756	TARA_PSE_k99_24556218	TARA_PSE_k99_27287061	TARA_PSE_k99_9798138	TARA_PSE_k99_495984	TARA_PSE_k99_8826686	TARA_PSE_k99_8212586	TARA_PSE_k99_9925921	TARA_PSE_k99_19249067	TARA_PSE_k99_3296386	TARA_PSE_k99_13911525	TARA_PSE_k99_2171054	TARA_PSE_k99_1880665	TARA_PSE_k99_2668456	TARA_PSE_k99_11450131	TARA_PSE_k99_26850728	TARA_PSE_k99_9172334	TARA_PSE_k99_13036040	TARA_PSE_k99_25457596	TARA_PSE_k99_21650492	TARA_PSE_k99_21711713	TARA_PSE_k99_21842125	TARA_PSE_k99_18912927	TARA_PSE_k99_2124090	TARA_PSE_k99_13766851	TARA_PSE_k99_8134313	TARA_PSE_k99_23561125	TARA_PSE_k99_8692745	TARA_PSE_k99_8550525	TARA_PSE_k99_11573098	TARA_PSE_k99_14725930	TARA_PSE_k99_21445311	TARA_PSE_k99_19354347	TARA_PSE_k99_11476558	TARA_PSE_k99_13926844	TARA_PSE_k99_5955931	TARA_PSE_k99_10514466	TARA_PSE_k99_2743631	TARA_PSE_k99_3695085	TARA_PSE_k99_11361954	TARA_PSE_k99_8440434	TARA_PSE_k99_18839398	TARA_PSE_k99_27236007	TARA_PSE_k99_22982900	TARA_PSE_k99_26841824	TARA_PSE_k99_9599693	TARA_PSE_k99_20147982	TARA_PSE_k99_21228868	TARA_PSE_k99_7365467	TARA_PSE_k99_1658961	TARA_PSE_k99_155742	TARA_PSE_k99_11594969	TARA_PSE_k99_3711850	TARA_PSE_k99_28128767	TARA_PSE_k99_24650158	TARA_PSE_k99_18745367	TARA_PSE_k99_8991569	TARA_PSE_k99_15653334	TARA_PSE_k99_20844695	TARA_PSE_k99_21112469	TARA_PSE_k99_15653122	TARA_PSE_k99_10362843	TARA_PSE_k99_22340007	TARA_PSE_k99_14890210	TARA_PSE_k99_21262679	TARA_PSE_k99_25830858	TARA_PSE_k99_17962229	TARA_PSE_k99_2018374	TARA_PSE_k99_7817077	TARA_PSE_k99_14685227	TARA_PSE_k99_1981211	TARA_PSE_k99_20292964	TARA_PSE_k99_14699542	TARA_PSE_k99_3112184	TARA_PSE_k99_22589826	TARA_PSE_k99_9272350	TARA_PSE_k99_7280872	TARA_PSE_k99_8727233	TARA_PSE_k99_23353661	TARA_PSE_k99_5127019	TARA_PSE_k99_6805724	TARA_PSE_k99_26911277	TARA_PSE_k99_23547394	TARA_PSE_k99_15224093	TARA_PSE_k99_6266169	TARA_PSE_k99_21082122	TARA_PSE_k99_6862648	TARA_PSE_k99_11641631	TARA_PSE_k99_11772668	TARA_PSE_k99_17872510	TARA_PSE_k99_17308708	TARA_PSE_k99_11797823	TARA_PSE_k99_13890224	TARA_PSE_k99_7824920	TARA_PSE_k99_17933536	TARA_PSE_k99_20643611	TARA_PSE_k99_21358707	TARA_PSE_k99_13041108	TARA_PSE_k99_25514065	TARA_PSE_k99_9864224	TARA_PSE_k99_8458337	TARA_PSE_k99_15511323	TARA_PSE_k99_10085187	TARA_PSE_k99_1912059	TARA_PSE_k99_9166872	TARA_PSE_k99_24057904	TARA_PSE_k99_12403656	TARA_PSE_k99_23836999	TARA_PSE_k99_25808707	TARA_PSE_k99_5811002	TARA_PSE_k99_21289740	TARA_PSE_k99_24914267	TARA_PSE_k99_26761186	TARA_PSE_k99_22916514	TARA_PSE_k99_24583995	TARA_PSE_k99_4497365	TARA_PSE_k99_10373608	TARA_PSE_k99_2561848	TARA_PSE_k99_3293522	TARA_PSE_k99_24026035	TARA_PSE_k99_27270944	TARA_PSE_k99_14210925	TARA_PSE_k99_7642761	TARA_PSE_k99_3031208	TARA_PSE_k99_7158482	TARA_PSE_k99_14859561	TARA_PSE_k99_21013552	TARA_PSE_k99_11231916	TARA_PSE_k99_19679587	TARA_PSE_k99_6748759	TARA_PSE_k99_24064766	TARA_PSE_k99_61775	TARA_PSE_k99_871386	TARA_PSE_k99_15048123	TARA_PSE_k99_2197315	TARA_PSE_k99_1592485	TARA_PSE_k99_959363	TARA_PSE_k99_12997666	TARA_PSE_k99_753797	TARA_PSE_k99_19193255	TARA_PSE_k99_26231637	TARA_PSE_k99_27533505	TARA_PSE_k99_7543816	TARA_PSE_k99_11683639	TARA_PSE_k99_12147364	TARA_PSE_k99_87177	TARA_PSE_k99_2050187	TARA_PSE_k99_8473648	TARA_PSE_k99_6428513	TARA_PSE_k99_8611851	TARA_PSE_k99_10932555	TARA_PSE_k99_3952347	TARA_PSE_k99_6376303	TARA_PSE_k99_6497680	TARA_PSE_k99_23663207	TARA_PSE_k99_1305665	TARA_PSE_k99_6035835	TARA_PSE_k99_691391	TARA_PSE_k99_8864626	TARA_PSE_k99_22915691	TARA_PSE_k99_2567780	TARA_PSE_k99_6509647	TARA_PSE_k99_9094146	TARA_PSE_k99_78120	TARA_PSE_k99_25744591	TARA_PSE_k99_24473497	TARA_PSE_k99_14399589	TARA_PSE_k99_21063846	TARA_PSE_k99_19906543	TARA_PSE_k99_5512617	TARA_PSE_k99_11497341	TARA_PSE_k99_9216530	TARA_PSE_k99_17925593	TARA_PSE_k99_26108291	TARA_PSE_k99_16403516	TARA_PSE_k99_27313295	TARA_PSE_k99_7165287	TARA_PSE_k99_7070077	TARA_PSE_k99_461254	TARA_PSE_k99_14863174	TARA_PSE_k99_5696052	TARA_PSE_k99_1725103	TARA_PSE_k99_19791248	TARA_PSE_k99_9406686	TARA_PSE_k99_788598	TARA_PSE_k99_3310617	TARA_PSE_k99_7939643	TARA_PSE_k99_26811706	TARA_PSE_k99_17088344	TARA_PSE_k99_23343843	TARA_PSE_k99_9698712	TARA_PSE_k99_9332700	TARA_PSE_k99_12666249	TARA_PSE_k99_23813042	TARA_PSE_k99_25834130	TARA_PSE_k99_2585727	TARA_PSE_k99_7879499	TARA_PSE_k99_23897963	TARA_PSE_k99_27290491	TARA_PSE_k99_2099754	TARA_PSE_k99_5109258	TARA_PSE_k99_15125592	TARA_PSE_k99_15598234	TARA_PSE_k99_20417312	TARA_PSE_k99_21172679	TARA_PSE_k99_14183960	TARA_PSE_k99_27200701	TARA_PSE_k99_22209118	TARA_PSE_k99_24571115	TARA_PSE_k99_10801688	TARA_PSE_k99_3066593	TARA_PSE_k99_24127472	TARA_PSE_k99_10984337	TARA_PSE_k99_8966536	TARA_PSE_k99_10484638	TARA_PSE_k99_8280245	TARA_PSE_k99_8289718	TARA_PSE_k99_1297226	TARA_PSE_k99_6079813	TARA_PSE_k99_22405472	TARA_PSE_k99_11162910	TARA_PSE_k99_10221859	TARA_PSE_k99_17586737	TARA_PSE_k99_18036940	TARA_PSE_k99_17230885	TARA_PSE_k99_18852537	TARA_PSE_k99_22914395	TARA_PSE_k99_27143019	TARA_PSE_k99_25214342	TARA_PSE_k99_18464816	TARA_PSE_k99_13324855	TARA_PSE_k99_23650493	TARA_PSE_k99_179017	TARA_PSE_k99_8139497	TARA_PSE_k99_9472442	TARA_PSE_k99_5220779	TARA_PSE_k99_9135486	TARA_PSE_k99_17625667	TARA_PSE_k99_1318010	TARA_PSE_k99_178124	TARA_PSE_k99_9600626	TARA_PSE_k99_15433193	TARA_PSE_k99_17254916	TARA_PSE_k99_3844764	TARA_PSE_k99_7284031	TARA_PSE_k99_26623544	TARA_PSE_k99_6059124	TARA_PSE_k99_27765944	TARA_PSE_k99_24802842	TARA_PSE_k99_15639154	TARA_PSE_k99_6192601	TARA_PSE_k99_17415592	TARA_PSE_k99_22487642	TARA_PSE_k99_20532936	TARA_PSE_k99_11700965	TARA_PSE_k99_6570072	TARA_PSE_k99_9702594	TARA_PSE_k99_12400074	TARA_PSE_k99_7716332	TARA_PSE_k99_6910868	TARA_PSE_k99_795395	TARA_PSE_k99_1047737	TARA_PSE_k99_3870988	TARA_PSE_k99_15441156	TARA_PSE_k99_9921592	TARA_PSE_k99_7831823	TARA_PSE_k99_27607569	TARA_PSE_k99_14341699	TARA_PSE_k99_27265769	TARA_PSE_k99_13019949	TARA_PSE_k99_11496490	TARA_PSE_k99_22859551	TARA_PSE_k99_16297820	TARA_PSE_k99_3218012	TARA_PSE_k99_5002356	TARA_PSE_k99_24688593	TARA_PSE_k99_21779797	TARA_PSE_k99_14480173	TARA_PSE_k99_8982034	TARA_PSE_k99_6701085	TARA_PSE_k99_6862561	TARA_PSE_k99_3331576	TARA_PSE_k99_5309463	TARA_PSE_k99_10478195	TARA_PSE_k99_2708655	TARA_PSE_k99_11111716	TARA_PSE_k99_14140746	TARA_PSE_k99_4761122	TARA_PSE_k99_3973833	TARA_PSE_k99_26756029	TARA_PSE_k99_3879104	TARA_PSE_k99_6671558	TARA_PSE_k99_24327416	TARA_PSE_k99_20092340	TARA_PSE_k99_3253658	TARA_PSE_k99_8530283	TARA_PSE_k99_9509736	TARA_PSE_k99_9008626	TARA_PSE_k99_7655641	TARA_PSE_k99_689184	TARA_PSE_k99_3725680	TARA_PSE_k99_25321776	TARA_PSE_k99_4605936	TARA_PSE_k99_23734212	TARA_PSE_k99_23070795	TARA_PSE_k99_13450057	TARA_PSE_k99_7668598	TARA_PSE_k99_3423861	TARA_PSE_k99_19816168	TARA_PSE_k99_14514569	TARA_PSE_k99_23812138	TARA_PSE_k99_4174442	TARA_PSE_k99_21250961	TARA_PSE_k99_2221233	TARA_PSE_k99_8611309	TARA_PSE_k99_27674623	TARA_PSE_k99_13529191	TARA_PSE_k99_13757078	TARA_PSE_k99_4745123	TARA_PSE_k99_19762220	TARA_PSE_k99_26926757	TARA_PSE_k99_14381368	TARA_PSE_k99_18988964	TARA_PSE_k99_16646415	TARA_PSE_k99_23278830	TARA_PSE_k99_1304321	TARA_PSE_k99_2223610	TARA_PSE_k99_1301172	TARA_PSE_k99_7616531	TARA_PSE_k99_1175687	TARA_PSE_k99_25817777	TARA_PSE_k99_5480607	TARA_PSE_k99_994303	TARA_PSE_k99_7645856	TARA_PSE_k99_16666273	TARA_PSE_k99_7475687	TARA_PSE_k99_20045312	TARA_PSE_k99_27433232	TARA_PSE_k99_11667599	TARA_PSE_k99_10796911	TARA_PSE_k99_20962177	TARA_PSE_k99_8555166	TARA_PSE_k99_9908485	TARA_PSE_k99_22489951	TARA_PSE_k99_9880933	TARA_PSE_k99_28057041	TARA_PSE_k99_8430090	TARA_PSE_k99_10126201	TARA_PSE_k99_5822321	TARA_PSE_k99_7779390	TARA_PSE_k99_4877864	TARA_PSE_k99_24746090	TARA_PSE_k99_27427279	TARA_PSE_k99_13743095	TARA_PSE_k99_14684937	TARA_PSE_k99_1470452	TARA_PSE_k99_20764631	TARA_PSE_k99_23778527	TARA_PSE_k99_3719179	TARA_PSE_k99_5809945	TARA_PSE_k99_4181019	TARA_PSE_k99_141449	TARA_PSE_k99_13369007	TARA_PSE_k99_16046243	TARA_PSE_k99_6070437	TARA_PSE_k99_11685490	TARA_PSE_k99_18907433	TARA_PSE_k99_4256828	TARA_PSE_k99_479650	TARA_PSE_k99_11481863	TARA_PSE_k99_23475845	TARA_PSE_k99_23902558	TARA_PSE_k99_7911031	TARA_PSE_k99_5978891	TARA_PSE_k99_14598472	TARA_PSE_k99_9244354	TARA_PSE_k99_5487511	TARA_PSE_k99_22332320	TARA_PSE_k99_14336791	TARA_PSE_k99_11608471	TARA_PSE_k99_3845937	TARA_PSE_k99_10415301	TARA_PSE_k99_25229675	TARA_PSE_k99_23421897	TARA_PSE_k99_11791048	TARA_PSE_k99_27890043	TARA_PSE_k99_13548425	TARA_PSE_k99_6785549	TARA_PSE_k99_13755802	TARA_PSE_k99_9828857	TARA_PSE_k99_18683470	TARA_PSE_k99_25423814	TARA_PSE_k99_19398692	TARA_PSE_k99_13441819	TARA_PSE_k99_20964453	TARA_PSE_k99_8024838	TARA_PSE_k99_15637087	TARA_PSE_k99_11993110	TARA_PSE_k99_19179469	TARA_PSE_k99_4602548	TARA_PSE_k99_25618225	TARA_PSE_k99_13063763	TARA_PSE_k99_14401244	TARA_PSE_k99_13510987	TARA_PSE_k99_26648336	TARA_PSE_k99_5595859	TARA_PSE_k99_871611	TARA_PSE_k99_4280293	TARA_PSE_k99_27941316	TARA_PSE_k99_8898503	TARA_PSE_k99_26297216	TARA_PSE_k99_4125009	TARA_PSE_k99_11694201	TARA_PSE_k99_8436222	TARA_PSE_k99_16041155	TARA_PSE_k99_27183862	TARA_PSE_k99_5115221	TARA_PSE_k99_26908341	TARA_PSE_k99_8312226	TARA_PSE_k99_16877863	TARA_PSE_k99_27028808	TARA_PSE_k99_20596019	TARA_PSE_k99_8205661	TARA_PSE_k99_19525013	TARA_PSE_k99_248574	TARA_PSE_k99_21972591	TARA_PSE_k99_2850195	TARA_PSE_k99_2195652	TARA_PSE_k99_8930122	TARA_PSE_k99_15703155	TARA_PSE_k99_25764416	TARA_PSE_k99_586693	TARA_PSE_k99_24368176	TARA_PSE_k99_15524604	TARA_PSE_k99_24628807	TARA_PSE_k99_457080	TARA_PSE_k99_19455369	TARA_PSE_k99_12171412	TARA_PSE_k99_16499565	TARA_PSE_k99_9709866	TARA_PSE_k99_4918903	TARA_PSE_k99_3501327	TARA_PSE_k99_18191247	TARA_PSE_k99_14317353	TARA_PSE_k99_14254416	TARA_PSE_k99_11538031	TARA_PSE_k99_23127420	TARA_PSE_k99_19430825	TARA_PSE_k99_21136163	TARA_PSE_k99_21831076	TARA_PSE_k99_10115268	TARA_PSE_k99_11847341	TARA_PSE_k99_14765686	TARA_PSE_k99_10969543	TARA_PSE_k99_19052301	TARA_PSE_k99_16868263	TARA_PSE_k99_3382326	TARA_PSE_k99_79475	TARA_PSE_k99_18711675
Thioclava_annotated_DMKJLJHC_02668	TARA_PSE_k99_202237
Thioclava_annotated_DMKJLJHC_06375	TARA_PSE_k99_221694
Thioclava_annotated_DMKJLJHC_06671	TARA_PSE_k99_7094812	TARA_PSE_k99_1192265	TARA_PSE_k99_17561583	TARA_PSE_k99_13756461	TARA_PSE_k99_376901
Thioclava_annotated_DMKJLJHC_00923	TARA_PSE_k99_6495470	TARA_PSE_k99_28040254	TARA_PSE_k99_8854543	TARA_PSE_k99_622730	TARA_PSE_k99_9272405	TARA_PSE_k99_8270522
Thioclava_annotated_DMKJLJHC_01252	TARA_PSE_k99_11028082	TARA_PSE_k99_6455823	TARA_PSE_k99_18148570	TARA_PSE_k99_9757585	TARA_PSE_k99_26783667	TARA_PSE_k99_7521297	TARA_PSE_k99_19973541	TARA_PSE_k99_6486911	TARA_PSE_k99_15271333	TARA_PSE_k99_11301395	TARA_PSE_k99_5760681	TARA_PSE_k99_8368199	TARA_PSE_k99_8006947	TARA_PSE_k99_14281236	TARA_PSE_k99_23126765	TARA_PSE_k99_16196275	TARA_PSE_k99_18478221	TARA_PSE_k99_22183037	TARA_PSE_k99_3682557	TARA_PSE_k99_11002087	TARA_PSE_k99_23059838	TARA_PSE_k99_15744496	TARA_PSE_k99_23804099	TARA_PSE_k99_26524704	TARA_PSE_k99_17103630	TARA_PSE_k99_22817418	TARA_PSE_k99_16212993	TARA_PSE_k99_6733497	TARA_PSE_k99_24523167	TARA_PSE_k99_15509604	TARA_PSE_k99_21265036	TARA_PSE_k99_633152	TARA_PSE_k99_15063253	TARA_PSE_k99_23196834	TARA_PSE_k99_6653197	TARA_PSE_k99_22997142
Thioclava_annotated_DMKJLJHC_06935	TARA_PSE_k99_11028082	TARA_PSE_k99_6455823	TARA_PSE_k99_18148570	TARA_PSE_k99_9757585	TARA_PSE_k99_26783667	TARA_PSE_k99_7521297	TARA_PSE_k99_19973541	TARA_PSE_k99_6486911	TARA_PSE_k99_15271333	TARA_PSE_k99_11301395	TARA_PSE_k99_5760681	TARA_PSE_k99_8368199	TARA_PSE_k99_8006947	TARA_PSE_k99_14281236	TARA_PSE_k99_23126765	TARA_PSE_k99_16196275	TARA_PSE_k99_18478221	TARA_PSE_k99_22183037	TARA_PSE_k99_3682557	TARA_PSE_k99_11002087	TARA_PSE_k99_23059838	TARA_PSE_k99_15744496	TARA_PSE_k99_23804099	TARA_PSE_k99_26524704	TARA_PSE_k99_17103630	TARA_PSE_k99_22817418	TARA_PSE_k99_16212993	TARA_PSE_k99_6733497	TARA_PSE_k99_24523167	TARA_PSE_k99_15509604	TARA_PSE_k99_21265036	TARA_PSE_k99_633152	TARA_PSE_k99_15063253	TARA_PSE_k99_23196834	TARA_PSE_k99_6653197	TARA_PSE_k99_22997142
Thioclava_annotated_DMKJLJHC_01253	TARA_PSE_k99_11028082	TARA_PSE_k99_6455823	TARA_PSE_k99_18148570	TARA_PSE_k99_9757585	TARA_PSE_k99_26783667	TARA_PSE_k99_7521297	TARA_PSE_k99_19973541	TARA_PSE_k99_6486911	TARA_PSE_k99_15271333	TARA_PSE_k99_11301395	TARA_PSE_k99_5760681	TARA_PSE_k99_8368199	TARA_PSE_k99_8006947	TARA_PSE_k99_14281236	TARA_PSE_k99_23126765	TARA_PSE_k99_16196275	TARA_PSE_k99_18478221	TARA_PSE_k99_22183037	TARA_PSE_k99_3682557	TARA_PSE_k99_11002087	TARA_PSE_k99_23059838	TARA_PSE_k99_15744496	TARA_PSE_k99_23804099	TARA_PSE_k99_26524704	TARA_PSE_k99_17103630	TARA_PSE_k99_22817418	TARA_PSE_k99_16212993	TARA_PSE_k99_6733497	TARA_PSE_k99_24523167	TARA_PSE_k99_15509604	TARA_PSE_k99_21265036	TARA_PSE_k99_633152	TARA_PSE_k99_15063253	TARA_PSE_k99_23196834	TARA_PSE_k99_6653197	TARA_PSE_k99_22997142
Thioclava_annotated_DMKJLJHC_06936	TARA_PSE_k99_11028082	TARA_PSE_k99_6455823	TARA_PSE_k99_18148570	TARA_PSE_k99_9757585	TARA_PSE_k99_26783667	TARA_PSE_k99_7521297	TARA_PSE_k99_19973541	TARA_PSE_k99_6486911	TARA_PSE_k99_15271333	TARA_PSE_k99_11301395	TARA_PSE_k99_5760681	TARA_PSE_k99_8368199	TARA_PSE_k99_8006947	TARA_PSE_k99_14281236	TARA_PSE_k99_23126765	TARA_PSE_k99_16196275	TARA_PSE_k99_18478221	TARA_PSE_k99_22183037	TARA_PSE_k99_3682557	TARA_PSE_k99_11002087	TARA_PSE_k99_23059838	TARA_PSE_k99_15744496	TARA_PSE_k99_23804099	TARA_PSE_k99_26524704	TARA_PSE_k99_17103630	TARA_PSE_k99_22817418	TARA_PSE_k99_16212993	TARA_PSE_k99_6733497	TARA_PSE_k99_24523167	TARA_PSE_k99_15509604	TARA_PSE_k99_21265036	TARA_PSE_k99_633152	TARA_PSE_k99_15063253	TARA_PSE_k99_23196834	TARA_PSE_k99_6653197	TARA_PSE_k99_22997142
Thioclava_annotated_DMKJLJHC_00783	TARA_PSE_k99_6671498	TARA_PSE_k99_27671581	TARA_PSE_k99_20839903	TARA_PSE_k99_725021	TARA_PSE_k99_4121217	TARA_PSE_k99_23638537
Thioclava_annotated_DMKJLJHC_03874	TARA_PSE_k99_14571244	TARA_PSE_k99_8993838	TARA_PSE_k99_17070231	TARA_PSE_k99_19714222	TARA_PSE_k99_1312364	TARA_PSE_k99_13396814	TARA_PSE_k99_5378131	TARA_PSE_k99_14602283	TARA_PSE_k99_8238655	TARA_PSE_k99_4077791	TARA_PSE_k99_22597543	TARA_PSE_k99_9507377	TARA_PSE_k99_1043748	TARA_PSE_k99_8263412	TARA_PSE_k99_25274020	TARA_PSE_k99_16055392	TARA_PSE_k99_20264583	TARA_PSE_k99_26006213	TARA_PSE_k99_2992611	TARA_PSE_k99_7592415	TARA_PSE_k99_5850219	TARA_PSE_k99_12520235	TARA_PSE_k99_8958968	TARA_PSE_k99_6983773
Thioclava_annotated_DMKJLJHC_03522	TARA_PSE_k99_14571244	TARA_PSE_k99_20365700	TARA_PSE_k99_13471787	TARA_PSE_k99_4031457	TARA_PSE_k99_20236851	TARA_PSE_k99_22156718	TARA_PSE_k99_17933172	TARA_PSE_k99_19714222	TARA_PSE_k99_13396814	TARA_PSE_k99_6692715	TARA_PSE_k99_27581953	TARA_PSE_k99_5378131	TARA_PSE_k99_3232084	TARA_PSE_k99_3167978	TARA_PSE_k99_7516211	TARA_PSE_k99_18751020	TARA_PSE_k99_15817663	TARA_PSE_k99_11373747	TARA_PSE_k99_19684623	TARA_PSE_k99_16055392	TARA_PSE_k99_20218735	TARA_PSE_k99_15018258	TARA_PSE_k99_7738122	TARA_PSE_k99_1113809	TARA_PSE_k99_7592415	TARA_PSE_k99_13725360	TARA_PSE_k99_5850219	TARA_PSE_k99_12520235	TARA_PSE_k99_8958968
Thioclava_annotated_DMKJLJHC_06661	TARA_PSE_k99_4808715	TARA_PSE_k99_16727590	TARA_PSE_k99_1724533
Thioclava_annotated_DMKJLJHC_01814	TARA_PSE_k99_17191263	TARA_PSE_k99_2054656	TARA_PSE_k99_11114555	TARA_PSE_k99_23992565	TARA_PSE_k99_20433546	TARA_PSE_k99_6230745	TARA_PSE_k99_4703621	TARA_PSE_k99_24339503	TARA_PSE_k99_15359905	TARA_PSE_k99_15751698
Thioclava_annotated_DMKJLJHC_00792	TARA_PSE_k99_2087572
Thioclava_annotated_DMKJLJHC_03114	TARA_PSE_k99_10760185	TARA_PSE_k99_2235673	TARA_PSE_k99_27410757	TARA_PSE_k99_9820760	TARA_PSE_k99_22999175	TARA_PSE_k99_21766094	TARA_PSE_k99_2685687	TARA_PSE_k99_9266812	TARA_PSE_k99_9596690	TARA_PSE_k99_13151638	TARA_PSE_k99_18826893	TARA_PSE_k99_14872400	TARA_PSE_k99_4510061	TARA_PSE_k99_4739508	TARA_PSE_k99_11464004	TARA_PSE_k99_18883473	TARA_PSE_k99_13275439	TARA_PSE_k99_21842214	TARA_PSE_k99_8308275	TARA_PSE_k99_17366912
Thioclava_annotated_DMKJLJHC_01281	TARA_PSE_k99_13373673	TARA_PSE_k99_2333582	TARA_PSE_k99_23664613
Thioclava_annotated_DMKJLJHC_05713	TARA_PSE_k99_2620339
Thioclava_annotated_DMKJLJHC_03872	TARA_PSE_k99_6692715	TARA_PSE_k99_5190300	TARA_PSE_k99_3167978	TARA_PSE_k99_7516211	TARA_PSE_k99_22597543
Thioclava_annotated_DMKJLJHC_03524	TARA_PSE_k99_6692715	TARA_PSE_k99_5190300	TARA_PSE_k99_3167978	TARA_PSE_k99_7516211	TARA_PSE_k99_22597543
Thioclava_annotated_DMKJLJHC_01776	TARA_PSE_k99_4494411	TARA_PSE_k99_3338498	TARA_PSE_k99_9548140	TARA_PSE_k99_21151649	TARA_PSE_k99_10867386	TARA_PSE_k99_25996875	TARA_PSE_k99_5803553	TARA_PSE_k99_7352731	TARA_PSE_k99_20887310
Thioclava_annotated_DMKJLJHC_04202	TARA_PSE_k99_4076754	TARA_PSE_k99_3549239
Thioclava_annotated_DMKJLJHC_03776	TARA_PSE_k99_4489085
Thioclava_annotated_DMKJLJHC_06160	TARA_PSE_k99_4709601
Thioclava_annotated_DMKJLJHC_00912	TARA_PSE_k99_19199482	TARA_PSE_k99_20478692	TARA_PSE_k99_18483989	TARA_PSE_k99_12321840	TARA_PSE_k99_14787983	TARA_PSE_k99_20465270	TARA_PSE_k99_22028124	TARA_PSE_k99_24016015	TARA_PSE_k99_13060229	TARA_PSE_k99_20668720	TARA_PSE_k99_18566996	TARA_PSE_k99_27476203	TARA_PSE_k99_4878922
Thioclava_annotated_DMKJLJHC_06745	TARA_PSE_k99_4936588
Thioclava_annotated_DMKJLJHC_02078	TARA_PSE_k99_5499018	TARA_PSE_k99_22274840	TARA_PSE_k99_21204143	TARA_PSE_k99_13832478	TARA_PSE_k99_18876091	TARA_PSE_k99_18390286	TARA_PSE_k99_18937598
Thioclava_annotated_DMKJLJHC_04846	TARA_PSE_k99_5789343	TARA_PSE_k99_9999875
Thioclava_annotated_DMKJLJHC_05954	TARA_PSE_k99_5905127
Thioclava_annotated_DMKJLJHC_04831	TARA_PSE_k99_5969761
Thioclava_annotated_DMKJLJHC_06504	TARA_PSE_k99_9130287	TARA_PSE_k99_18848994	TARA_PSE_k99_6692715	TARA_PSE_k99_10641105	TARA_PSE_k99_5981738	TARA_PSE_k99_7660335	TARA_PSE_k99_12693502	TARA_PSE_k99_12728226	TARA_PSE_k99_27846395	TARA_PSE_k99_19289212	TARA_PSE_k99_13552454
Thioclava_annotated_DMKJLJHC_00066	TARA_PSE_k99_27794673	TARA_PSE_k99_14890400	TARA_PSE_k99_11335179	TARA_PSE_k99_6967897	TARA_PSE_k99_6913063	TARA_PSE_k99_12739350	TARA_PSE_k99_21809182	TARA_PSE_k99_7368171
Thioclava_annotated_DMKJLJHC_02724	TARA_PSE_k99_10007475	TARA_PSE_k99_7238015
Thioclava_annotated_DMKJLJHC_04856	TARA_PSE_k99_7609543
Thioclava_annotated_DMKJLJHC_04042	TARA_PSE_k99_8031337
Thioclava_annotated_DMKJLJHC_02641	TARA_PSE_k99_8722578
Thioclava_annotated_DMKJLJHC_06709	TARA_PSE_k99_8944246
Thioclava_annotated_DMKJLJHC_01614	TARA_PSE_k99_9157413
Thioclava_annotated_DMKJLJHC_06984	TARA_PSE_k99_19766921	TARA_PSE_k99_26109537	TARA_PSE_k99_9299106
Thioclava_annotated_DMKJLJHC_00286	TARA_PSE_k99_9538124
Thioclava_annotated_DMKJLJHC_04636	TARA_PSE_k99_9709369
Thioclava_annotated_DMKJLJHC_02669	TARA_PSE_k99_10216839
Thioclava_annotated_DMKJLJHC_02877	TARA_PSE_k99_10880544
Thioclava_annotated_DMKJLJHC_04909	TARA_PSE_k99_10933716
Thioclava_annotated_DMKJLJHC_00732	TARA_PSE_k99_11431889	TARA_PSE_k99_22933167
Thioclava_annotated_DMKJLJHC_00290	TARA_PSE_k99_12875522
Thioclava_annotated_DMKJLJHC_01736	TARA_PSE_k99_13617128
Thioclava_annotated_DMKJLJHC_00798	TARA_PSE_k99_14359288	TARA_PSE_k99_23873895	TARA_PSE_k99_21618523
Thioclava_annotated_DMKJLJHC_03264	TARA_PSE_k99_14496701
Thioclava_annotated_DMKJLJHC_02588	TARA_PSE_k99_15354226
Thioclava_annotated_DMKJLJHC_02602	TARA_PSE_k99_15364576
Thioclava_annotated_DMKJLJHC_03927	TARA_PSE_k99_15703966
Thioclava_annotated_DMKJLJHC_03713	TARA_PSE_k99_17752080	TARA_PSE_k99_15717957
Thioclava_annotated_DMKJLJHC_06906	TARA_PSE_k99_16717380
Thioclava_annotated_DMKJLJHC_02715	TARA_PSE_k99_16919296
Thioclava_annotated_DMKJLJHC_05066	TARA_PSE_k99_18528439	TARA_PSE_k99_17857419
Thioclava_annotated_DMKJLJHC_01819	TARA_PSE_k99_18350623
Thioclava_annotated_DMKJLJHC_00466	TARA_PSE_k99_19314356
Thioclava_annotated_DMKJLJHC_06559	TARA_PSE_k99_19314356
Thioclava_annotated_DMKJLJHC_00465	TARA_PSE_k99_19314356
Thioclava_annotated_DMKJLJHC_03068	TARA_PSE_k99_19911203
Thioclava_annotated_DMKJLJHC_00170	TARA_PSE_k99_20062885
Thioclava_annotated_DMKJLJHC_02309	TARA_PSE_k99_20261007
Thioclava_annotated_DMKJLJHC_04371	TARA_PSE_k99_20793329
Thioclava_annotated_DMKJLJHC_02565	TARA_PSE_k99_20850571
Thioclava_annotated_DMKJLJHC_02880	TARA_PSE_k99_21035135
Thioclava_annotated_DMKJLJHC_07033	TARA_PSE_k99_21431003
Thioclava_annotated_DMKJLJHC_00532	TARA_PSE_k99_21634580
Thioclava_annotated_DMKJLJHC_00347	TARA_PSE_k99_21713439
Thioclava_annotated_DMKJLJHC_01364	TARA_PSE_k99_22478246
Thioclava_annotated_DMKJLJHC_06441	TARA_PSE_k99_22542569
Thioclava_annotated_DMKJLJHC_03876	TARA_PSE_k99_23267163	TARA_PSE_k99_26317843
Thioclava_annotated_DMKJLJHC_02054	TARA_PSE_k99_24524211
Thioclava_annotated_DMKJLJHC_00536	TARA_PSE_k99_24798580
Thioclava_annotated_DMKJLJHC_02749	TARA_PSE_k99_25032741
Thioclava_annotated_DMKJLJHC_02134	TARA_PSE_k99_25690431
Thioclava_annotated_DMKJLJHC_02498	TARA_PSE_k99_27222740
